{
  "diffusion_steps": 4,
  "coef1": [
    0.0,
    0.23079269376841863,
    0.31970212256219915,
    0.02706439677550703
  ],
  "coef2": [
    1.0,
    0.7581453650171408,
    0.5813070657844015,
    0.3795065969236123
  ],
  "var": [
    0.0,
    0.12602727,
    0.418693,
    0.8549955
  ],
  "simple_var": [
    0.1530, 
    0.4170, 
    0.7079, 
    0.9990
  ]
}