{
    "diffusion_steps": 4,
    "coef1": [
        0.0,
        0.23079267144203186,
        0.3197021484375,
        0.02706422284245491
    ],
    "coef2": [
        1.0,
        0.758145272731781,
        0.581307053565979,
        0.37950658798217773
    ],
    "var": [
        0.0,
        0.12602727115154266,
        0.41869300603866577,
        0.8549954891204834
    ],
    "simple_var": [
        0.15298783779144287,
        0.4169580936431885,
        0.7078587412834167,
        0.9990000128746033
    ]
}