{
    "diffusion_steps": 16,
    "coef1": [
        0.0,
        0.27690479159355164,
        0.4578629732131958,
        0.5664727091789246,
        0.6365513801574707,
        0.6840736865997314,
        0.7169495224952698,
        0.739259660243988,
        0.75298672914505,
        0.758679986000061,
        0.7555150389671326,
        0.7407239079475403,
        0.7077254056930542,
        0.6402056217193604,
        0.4881725609302521,
        0.03132380545139313
    ],
    "coef2": [
        1.0000020265579224,
        0.7230488657951355,
        0.5418624877929688,
        0.4326818287372589,
        0.36149346828460693,
        0.3120649456977844,
        0.27613070607185364,
        0.24909523129463196,
        0.2281952202320099,
        0.21163791418075562,
        0.1981436163187027,
        0.1866433173418045,
        0.17595764994621277,
        0.164140522480011,
        0.14610233902931213,
        0.097152940928936
    ],
    "var": [
        0.0,
        0.008632260374724865,
        0.0233622957020998,
        0.040743615478277206,
        0.060091398656368256,
        0.08149357885122299,
        0.10541203618049622,
        0.132633239030838,
        0.1643601357936859,
        0.20243987441062927,
        0.24981822073459625,
        0.31146788597106934,
        0.3964173495769501,
        0.5225110650062561,
        0.7264694571495056,
        0.9895614385604858
    ],
    "simple_var": [
        0.011867666617035866,
        0.03069198504090309,
        0.04973948746919632,
        0.06938499957323074,
        0.09005077183246613,
        0.11224500834941864,
        0.13661660254001617,
        0.16403943300247192,
        0.19575119018554688,
        0.23359644412994385,
        0.2804802656173706,
        0.3412778079509735,
        0.42480912804603577,
        0.548443615436554,
        0.7476134300231934,
        0.9990000128746033
    ]
}