{
    "diffusion_steps": 32,
    "coef1": [
        0.0,
        0.300536572933197,
        0.47578707337379456,
        0.5819931030273438,
        0.6522870659828186,
        0.7019348740577698,
        0.7386909127235413,
        0.7668602466583252,
        0.7890128493309021,
        0.8067693710327148,
        0.8211965560913086,
        0.8330206274986267,
        0.8427464365959167,
        0.8507298231124878,
        0.8572208881378174,
        0.8623908758163452,
        0.8663486838340759,
        0.8691496849060059,
        0.8707981705665588,
        0.8712464570999146,
        0.8703848123550415,
        0.8680243492126465,
        0.8638670444488525,
        0.857451319694519,
        0.8480571508407593,
        0.8345255255699158,
        0.8148987889289856,
        0.7856259942054749,
        0.7395755052566528,
        0.6600713133811951,
        0.4970370829105377,
        0.031547702848911285
    ],
    "coef2": [
        0.9999971985816956,
        0.6994625926017761,
        0.5241949558258057,
        0.4179496169090271,
        0.347589910030365,
        0.2978333532810211,
        0.2609180212020874,
        0.23252467811107635,
        0.21006961166858673,
        0.19191555678844452,
        0.17697608470916748,
        0.16450241208076477,
        0.15396183729171753,
        0.14496514201164246,
        0.13722118735313416,
        0.13050778210163116,
        0.1246519610285759,
        0.11951681226491928,
        0.11499173939228058,
        0.11098567396402359,
        0.10742159932851791,
        0.1042320504784584,
        0.10135487467050552,
        0.09872863441705704,
        0.0962863564491272,
        0.09394561499357224,
        0.0915900394320488,
        0.08902999758720398,
        0.08590520173311234,
        0.08139415085315704,
        0.07305233180522919,
        0.048633772879838943
    ],
    "var": [
        0.0,
        0.002509681973606348,
        0.006258203648030758,
        0.010487408377230167,
        0.014986271038651466,
        0.01968616060912609,
        0.024569422006607056,
        0.029641296714544296,
        0.03492007032036781,
        0.040433187037706375,
        0.04621607065200806,
        0.05231226980686188,
        0.05877445265650749,
        0.06566625088453293,
        0.07306479662656784,
        0.08106447756290436,
        0.08978196978569031,
        0.09936335682868958,
        0.109994076192379,
        0.12191358208656311,
        0.1354365050792694,
        0.15098510682582855,
        0.16913971304893494,
        0.19072040915489197,
        0.21692484617233276,
        0.2495720386505127,
        0.2915600836277008,
        0.3477863073348999,
        0.42714932560920715,
        0.5472312569618225,
        0.7440822720527649,
        0.9966347813606262
    ],
    "simple_var": [
        0.00358157348819077,
        0.008315877057611942,
        0.013067150488495827,
        0.017858190461993217,
        0.022712556645274162,
        0.027655046433210373,
        0.03271222114562988,
        0.0379129983484745,
        0.04328937456011772,
        0.04887726157903671,
        0.05471755191683769,
        0.06085742264986038,
        0.06735201179981232,
        0.07426659017801285,
        0.08167940378189087,
        0.08968547731637955,
        0.09840176999568939,
        0.10797428339719772,
        0.11858812719583511,
        0.13048192858695984,
        0.1439690738916397,
        0.15946994721889496,
        0.17756208777427673,
        0.19906148314476013,
        0.22515952587127686,
        0.2576654255390167,
        0.29946115612983704,
        0.35541561245918274,
        0.43437260389328003,
        0.5537936091423035,
        0.7494062185287476,
        0.9990000128746033
    ]
}