{
    "diffusion_steps": 8,
    "coef1": [
        0.0,
        0.2593671381473541,
        0.43544819951057434,
        0.5300118327140808,
        0.5712759494781494,
        0.5596281886100769,
        0.45308977365493774,
        0.030438756570219994
    ],
    "coef2": [
        0.9999992847442627,
        0.7399710416793823,
        0.5601386427879333,
        0.45471933484077454,
        0.3875557482242584,
        0.3391554355621338,
        0.29212403297424316,
        0.19339041411876678
    ],
    "var": [
        0.0,
        0.03190375119447708,
        0.09311242401599884,
        0.17358773946762085,
        0.2791413366794586,
        0.4276050627231598,
        0.6581301689147949,
        0.9616015553474426
    ],
    "simple_var": [
        0.042195409536361694,
        0.11567331105470657,
        0.19218802452087402,
        0.2782455086708069,
        0.38362085819244385,
        0.5260363817214966,
        0.740268886089325,
        0.9990000128746033
    ]
}